category,foods,source_type,kcal/100gr,Crude Protein (gr) ,Arginine (gr),Histidine (gr),Isoleucine (gr),Methionine (gr),Methionine + Cystine (gr),Leucine (gr),Lysine (gr),Phenylalanine (gr),Phenylalanine & Tyrosine (gr),Threonine (gr),Tryptophan (gr),Valine (gr),Glutamic Acid (gr),Taurine (gr),Total Fat (gr),Linoleic Acid n-6 (gr),a-Linolenic Acid n-3 (gr),Linoleic Acid / a-Linolenic Acid,Arachidonic Acid (gr),Eicosapentaenoic & Docosahexaenoic n-3 (gr),EPA / DPA,Calcium (gr),Phosphorus (gr),Magnesium (mg),Sodium (mg),Potassium (gr),Chloride (mg),Iron (mg),Copper (mg),Zinc (mg),Manganese (mg),Selenium (mcg),Iodine (mcg),Vitamin A (RE) (mcg of all trans-retinol),Vitamin A (UI),Cholecalciferol (Vit D) (mcg),Vitamin D3 (IU),Vitamin E (a-tocopherol) (mg=IU),Vitamin K (Menadion) (mg),Thiamin (B1) (mg),Riboflavin (B2) (mg),Pyridoxine (B6) (mg),Niacin (B3) (mg),Pantothenic Acid (B5) (mg),Cobalamin (B12) (mcg),Folic Acid (B9) (mcg),Biotin (B7) (mg),Choline (B4) (mg),Glucose (gr),Sucrose (gr),Lactose (gr),Cellulose (gr),TDF (gr),Cystine (gr),Tyrosine (gr),DM%,Moisture%,Ash (gr)
گوشت قرمز,گوشت بره پخته,home,271,25.0,1.7,0.9,1.2,0.7,1.0,2.2,2.3,1.1,2.0,1.2,0.3,1.3,,0.04,18.5,0.3,0.05,5.999999999999999,0.05,0.02,,14,180,21,62,270,60,1.8,0.08,4.0,0.02,25.0,3,0.0,0,0.1,4,0.3,0.0015,0.07,0.2,0.16,5.5,0.5,2.3,5,2,80,0.0,0.0,0.0,0.0,0.0,0.3,0.9,54,46,1.0
گوشت قرمز,گوشت بز پخته,home,143,27.0,1.7,0.9,1.2,0.7,1.0,2.2,2.3,1.1,2.0,1.2,0.3,1.3,,0.04,3.0,0.3,0.05,5.999999999999999,0.05,0.02,,14,200,25,70,380,60,3.0,0.08,4.0,0.02,25.0,3,0.0,0,0.1,4,0.3,0.0015,0.1,0.4,0.3,4.0,0.5,1.2,5,2,80,0.0,0.0,0.0,0.0,0.0,0.3,0.9,68,32,1.2
گوشت قرمز,گوشت گاو دنده بدون چربی پخته,home,210,28.0,1.7,0.9,1.2,0.7,1.0,2.2,2.3,1.1,2.0,1.2,0.3,1.3,,0.04,10.0,0.3,0.05,5.999999999999999,0.05,0.02,,12,200,22,55,300,60,2.5,0.08,5.0,0.02,25.0,3,0.0,0,0.1,4,0.3,0.0015,0.05,0.18,0.38,5.0,0.5,2.1,7,2,80,0.0,0.0,0.0,0.0,0.0,0.3,0.9,60,40,1.1
گوشت قرمز,گوشت گاو دنده پخته,home,291,24.0,1.7,0.9,1.2,0.7,1.0,2.2,2.3,1.1,2.0,1.2,0.3,1.3,,0.04,21.0,0.3,0.05,5.999999999999999,0.05,0.02,,10,170,18,65,250,60,2.2,0.08,4.5,0.02,25.0,3,0.0,0,0.1,4,0.3,0.0015,0.04,0.16,0.3,4.0,0.5,2.0,6,2,80,0.0,0.0,0.0,0.0,0.0,0.3,0.9,53,47,0.9
گوشت قرمز,گوشت گاو راسته پخته,home,195,28.5,1.7,0.9,1.2,0.7,1.0,2.2,2.3,1.1,2.0,1.2,0.3,1.3,,0.04,8.0,0.3,0.05,5.999999999999999,0.05,0.02,,11,210,22,55,310,60,2.6,0.08,5.1,0.02,25.0,3,0.0,0,0.1,4,0.3,0.0015,0.05,0.19,0.4,5.3,0.5,2.2,8,2,80,0.0,0.0,0.0,0.0,0.0,0.3,0.9,62,38,1.0
گوشت قرمز,گوشت گاو سردست پخته,home,210,27.5,1.7,0.9,1.2,0.7,1.0,2.2,2.3,1.1,2.0,1.2,0.3,1.3,,0.04,10.5,0.3,0.05,5.999999999999999,0.05,0.02,,12,200,21,58,300,60,2.5,0.08,5.0,0.02,25.0,3,0.0,0,0.1,4,0.3,0.0015,0.05,0.18,0.38,5.0,0.5,2.1,7,2,80,0.0,0.0,0.0,0.0,0.0,0.3,0.9,60,40,1.0
گوشت قرمز,گوشت گاو فیله پخته,home,200,28.0,1.7,0.9,1.2,0.7,1.0,2.2,2.3,1.1,2.0,1.2,0.3,1.3,,0.04,9.0,0.3,0.05,5.999999999999999,0.05,0.02,,11,210,22,55,310,60,2.6,0.08,5.0,0.02,25.0,3,0.0,0,0.1,4,0.3,0.0015,0.05,0.19,0.4,5.5,0.5,2.3,8,2,80,0.0,0.0,0.0,0.0,0.0,0.3,0.9,61,39,1.0
گوشت قرمز,گوشت گاو قلوه گاه پخته,home,280,24.0,1.7,0.9,1.2,0.7,1.0,2.2,2.3,1.1,2.0,1.2,0.3,1.3,,0.04,20.0,0.3,0.05,5.999999999999999,0.05,0.02,,10,170,18,65,250,60,2.2,0.08,4.3,0.02,25.0,3,0.0,0,0.1,4,0.3,0.0015,0.04,0.16,0.3,4.0,0.5,2.0,6,2,80,0.0,0.0,0.0,0.0,0.0,0.3,0.9,54,46,0.9
گوشت قرمز,گوشت گاو پخته متوسط چرب,home,250,26.0,1.7,0.9,1.2,0.7,1.0,2.2,2.3,1.1,2.0,1.2,0.3,1.3,,0.04,15.5,0.3,0.05,5.999999999999999,0.05,0.02,,10,190,20,60,290,60,2.4,0.08,4.8,0.02,25.0,3,0.0,0,0.1,4,0.3,0.0015,0.05,0.18,0.35,4.8,0.5,2.2,7,2,80,0.0,0.0,0.0,0.0,0.0,0.3,0.9,57,43,1.0
گوشت قرمز,گوشت گاو پخته کم چرب,home,176,29.5,1.7,0.9,1.2,0.7,1.0,2.2,2.3,1.1,2.0,1.2,0.3,1.3,,0.04,5.5,0.3,0.05,5.999999999999999,0.05,0.02,,12,220,22,55,320,60,2.8,0.08,5.5,0.02,25.0,3,0.0,0,0.1,4,0.3,0.0015,0.06,0.2,0.4,5.5,0.5,2.5,8,2,80,0.0,0.0,0.0,0.0,0.0,0.3,0.9,64,36,1.1
گوشت قرمز,گوشت گاو چرخ کرده پخته ۸۵ درصد,home,230,25.0,1.7,0.9,1.2,0.7,1.0,2.2,2.3,1.1,2.0,1.2,0.3,1.3,,0.04,14.0,0.3,0.05,5.999999999999999,0.05,0.02,,12,180,20,70,280,60,2.5,0.08,5.0,0.02,25.0,3,0.0,0,0.1,4,0.3,0.0015,0.04,0.18,0.35,5.0,0.5,2.0,7,2,80,0.0,0.0,0.0,0.0,0.0,0.3,0.9,58,42,1.0
گوشت قرمز,گوشت گاو چرخ کرده پخته ۹۰ درصد,home,196,27.0,1.7,0.9,1.2,0.7,1.0,2.2,2.3,1.1,2.0,1.2,0.3,1.3,,0.04,9.0,0.3,0.05,5.999999999999999,0.05,0.02,,11,200,22,65,300,60,2.6,0.08,5.2,0.02,25.0,3,0.0,0,0.1,4,0.3,0.0015,0.05,0.19,0.38,5.2,0.5,2.1,8,2,80,0.0,0.0,0.0,0.0,0.0,0.3,0.9,62,38,1.1
گوشت قرمز,گوشت گاو چرخ کرده پخته ۹۵ درصد,home,164,28.5,1.7,0.9,1.2,0.7,1.0,2.2,2.3,1.1,2.0,1.2,0.3,1.3,,0.04,5.5,0.3,0.05,5.999999999999999,0.05,0.02,,12,210,23,60,310,60,2.7,0.08,5.4,0.02,25.0,3,0.0,0,0.1,4,0.3,0.0015,0.05,0.2,0.4,5.4,0.5,2.2,8,2,80,0.0,0.0,0.0,0.0,0.0,0.3,0.9,65,35,1.1
گوشت قرمز,گوشت گوساله ران پخته,home,160,30.5,1.7,0.9,1.2,0.7,1.0,2.2,2.3,1.1,2.0,1.2,0.3,1.3,,0.04,3.5,0.3,0.05,5.999999999999999,0.05,0.02,,13,230,24,58,340,60,2.7,0.08,4.6,0.02,25.0,3,0.0,0,0.1,4,0.3,0.0015,0.06,0.25,0.42,6.2,0.5,1.9,9,2,80,0.0,0.0,0.0,0.0,0.0,0.3,0.9,65,35,1.1
گوشت قرمز,گوشت گوساله پخته,home,172,30.0,1.7,0.9,1.2,0.7,1.0,2.2,2.3,1.1,2.0,1.2,0.3,1.3,,0.04,5.0,0.3,0.05,5.999999999999999,0.05,0.02,,13,230,24,58,340,60,2.6,0.08,4.5,0.02,25.0,3,0.0,0,0.1,4,0.3,0.0015,0.06,0.25,0.4,6.0,0.5,1.8,9,2,80,0.0,0.0,0.0,0.0,0.0,0.3,0.9,64,36,1.1
گوشت قرمز,گوشت گوسفند ران پخته,home,250,26.0,1.7,0.9,1.2,0.7,1.0,2.2,2.3,1.1,2.0,1.2,0.3,1.3,,0.04,15.5,0.3,0.05,5.999999999999999,0.05,0.02,,14,185,22,62,280,60,1.9,0.08,4.0,0.02,25.0,3,0.0,0,0.1,4,0.3,0.0015,0.07,0.2,0.17,5.5,0.5,2.3,5,2,80,0.0,0.0,0.0,0.0,0.0,0.3,0.9,56,44,1.0
گوشت قرمز,گوشت گوسفند شانه پخته,home,270,24.5,1.7,0.9,1.2,0.7,1.0,2.2,2.3,1.1,2.0,1.2,0.3,1.3,,0.04,18.5,0.3,0.05,5.999999999999999,0.05,0.02,,13,175,20,65,260,60,1.8,0.08,3.8,0.02,25.0,3,0.0,0,0.1,4,0.3,0.0015,0.07,0.19,0.16,5.2,0.5,2.2,5,2,80,0.0,0.0,0.0,0.0,0.0,0.3,0.9,54,46,1.0
گوشت قرمز,گوشت گوسفند پخته,home,258,25.5,1.7,0.9,1.2,0.7,1.0,2.2,2.3,1.1,2.0,1.2,0.3,1.3,,0.04,17.0,0.3,0.05,5.999999999999999,0.05,0.02,,15,185,22,65,280,60,1.9,0.08,4.2,0.02,25.0,3,0.0,0,0.1,4,0.3,0.0015,0.08,0.22,0.18,5.8,0.5,2.4,6,2,80,0.0,0.0,0.0,0.0,0.0,0.3,0.9,55,45,1.0
مرغ و بوقلمون,بال مرغ بدون پوست پخته,home,170,28.0,1.9,0.96,1.64,0.86,1.26,2.33,2.64,1.23,2.2800000000000002,1.31,0.36,1.54,,0.03,5.5,0.6,0.03,20.0,0.06,0.03,,14,170,21,75,210,70,1.0,0.05,1.7,0.02,25.0,2,8.333333333333334,25,0.1,4,0.3,0.002,0.06,0.14,0.33,6.0,1.0,0.3,5,2,80,0.0,0.0,0.0,0.0,0.0,0.4,1.05,65,35,1.0
مرغ و بوقلمون,بال مرغ پخته,home,203,30.5,1.9,0.96,1.64,0.86,1.26,2.33,2.64,1.23,2.2800000000000002,1.31,0.36,1.54,,0.03,8.1,0.6,0.03,20.0,0.06,0.03,,15,160,20,80,200,70,1.0,0.05,1.8,0.02,25.0,2,13.333333333333334,40,0.1,4,0.3,0.002,0.06,0.15,0.35,6.5,1.0,0.3,5,2,80,0.0,0.0,0.0,0.0,0.0,0.4,1.05,60,40,1.0
مرغ و بوقلمون,جگر بوقلمون پخته,home,189,25.0,1.5,0.7,1.1,0.6,0.8999999999999999,2.0,1.8,1.0,1.8,1.0,0.3,1.2,,0.05,8.0,0.5,0.05,10.0,0.3,0.1,,12,380,22,75,240,80,8.0,5.0,3.5,0.3,40.0,10,4000.0,12000,1.0,40,0.5,0.003,0.18,1.7,0.75,9.0,6.0,15.0,500,50,300,0.0,0.0,0.0,0.0,0.0,0.3,0.8,64,36,1.3
مرغ و بوقلمون,ران بوقلمون پخته,home,170,28.0,1.9,0.96,1.64,0.86,1.26,2.33,2.64,1.23,2.2800000000000002,1.31,0.36,1.54,,0.1,6.0,0.6,0.03,20.0,0.06,0.03,,14,200,25,60,240,70,1.3,0.05,2.2,0.02,25.0,2,6.666666666666667,20,0.1,4,0.3,0.002,0.05,0.18,0.4,5.8,1.0,0.4,6,2,80,0.0,0.0,0.0,0.0,0.0,0.4,1.05,64,36,1.1
مرغ و بوقلمون,ران مرغ با پوست پخته,home,232,24.0,1.9,0.96,1.64,0.86,1.26,2.33,2.64,1.23,2.2800000000000002,1.31,0.36,1.54,,0.1,14.5,0.6,0.03,20.0,0.06,0.03,,12,170,20,80,210,70,1.1,0.05,1.8,0.02,25.0,2,26.666666666666668,80,0.1,4,0.3,0.002,0.08,0.18,0.35,6.0,1.0,0.3,6,2,80,0.0,0.0,0.0,0.0,0.0,0.4,1.05,60,40,0.9
مرغ و بوقلمون,ران مرغ بدون پوست پخته,home,179,27.0,1.9,0.96,1.64,0.86,1.26,2.33,2.64,1.23,2.2800000000000002,1.31,0.36,1.54,,0.1,7.5,0.6,0.03,20.0,0.06,0.03,,13,180,22,78,230,70,1.2,0.05,2.0,0.02,25.0,2,13.333333333333334,40,0.1,4,0.3,0.002,0.08,0.16,0.38,6.5,1.0,0.3,6,2,80,0.0,0.0,0.0,0.0,0.0,0.4,1.05,64,36,1.0
مرغ و بوقلمون,ساق مرغ پخته,home,185,27.0,1.9,0.96,1.64,0.86,1.26,2.33,2.64,1.23,2.2800000000000002,1.31,0.36,1.54,,0.03,6.5,0.6,0.03,20.0,0.06,0.03,,12,170,22,80,230,70,1.1,0.05,2.0,0.02,25.0,2,10.0,30,0.1,4,0.3,0.002,0.07,0.16,0.35,5.5,1.0,0.3,5,2,80,0.0,0.0,0.0,0.0,0.0,0.4,1.05,65,35,1.0
مرغ و بوقلمون,سینه بوقلمون پخته,home,135,30.0,1.9,0.96,1.64,0.86,1.26,2.33,2.64,1.23,2.2800000000000002,1.31,0.36,1.54,,0.03,1.0,0.6,0.03,20.0,0.06,0.03,,12,220,28,55,250,70,1.1,0.05,1.5,0.02,25.0,2,0.0,0,0.1,4,0.3,0.002,0.04,0.15,0.5,6.5,1.0,0.4,5,2,80,0.0,0.0,0.0,0.0,0.0,0.4,1.05,68,32,1.2
مرغ و بوقلمون,سینه مرغ با پوست پخته,home,197,29.0,1.9,0.96,1.64,0.86,1.26,2.33,2.64,1.23,2.2800000000000002,1.31,0.36,1.54,,0.03,7.8,0.6,0.03,20.0,0.06,0.03,,14,210,26,70,240,70,1.0,0.05,1.1,0.02,25.0,2,16.666666666666668,50,0.1,4,0.3,0.002,0.07,0.12,0.55,12.0,1.0,0.3,4,2,80,0.0,0.0,0.0,0.0,0.0,0.4,1.05,62,38,1.0
مرغ و بوقلمون,سینه مرغ بدون پوست پخته,home,165,31.0,1.9,0.96,1.64,0.86,1.26,2.33,2.64,1.23,2.2800000000000002,1.31,0.36,1.54,,0.03,3.6,0.6,0.03,20.0,0.06,0.03,,15,228,29,74,256,70,1.0,0.05,1.0,0.02,25.0,2,7.0,21,0.1,4,0.3,0.002,0.07,0.11,0.6,13.7,1.0,0.3,4,2,80,0.0,0.0,0.0,0.0,0.0,0.4,1.05,65,35,1.0
مرغ و بوقلمون,قلب بوقلمون پخته,home,175,25.5,1.5,0.7,1.1,0.6,0.8999999999999999,2.0,1.8,1.0,1.8,1.0,0.3,1.2,,0.05,7.0,0.5,0.05,10.0,0.1,0.1,,11,210,23,70,230,80,5.5,0.4,2.8,0.3,40.0,10,8.333333333333334,25,0.2,8,0.5,0.003,0.14,0.85,0.33,6.0,1.5,6.5,10,5,150,0.0,0.0,0.0,0.0,0.0,0.3,0.8,65,35,1.1
مرغ و بوقلمون,کل مرغ با پوست پخته,home,239,27.0,1.9,0.96,1.64,0.86,1.26,2.33,2.64,1.23,2.2800000000000002,1.31,0.36,1.54,,0.03,13.5,0.6,0.03,20.0,0.06,0.03,,14,175,22,75,220,70,1.2,0.05,1.9,0.02,25.0,2,20.0,60,0.1,4,0.3,0.002,0.07,0.17,0.4,7.0,1.0,0.3,6,2,80,0.0,0.0,0.0,0.0,0.0,0.4,1.05,58,42,1.0
مرغ و بوقلمون,گردن مرغ پخته,home,185,24.0,1.9,0.96,1.64,0.86,1.26,2.33,2.64,1.23,2.2800000000000002,1.31,0.36,1.54,,0.03,9.0,0.6,0.03,20.0,0.06,0.03,,18,160,18,70,180,70,1.5,0.05,2.0,0.02,25.0,2,16.666666666666668,50,0.1,4,0.3,0.002,0.05,0.15,0.25,4.0,1.0,0.3,5,2,80,0.0,0.0,0.0,0.0,0.0,0.4,1.05,65,35,1.0
مرغ و بوقلمون,گوشت بوقلمون چرخ کرده پخته,home,189,27.0,1.9,0.96,1.64,0.86,1.26,2.33,2.64,1.23,2.2800000000000002,1.31,0.36,1.54,,0.03,8.5,0.6,0.03,20.0,0.06,0.03,,15,195,24,70,230,70,1.4,0.05,2.5,0.02,25.0,2,5.0,15,0.1,4,0.3,0.002,0.05,0.17,0.42,6.0,1.0,0.4,6,2,80,0.0,0.0,0.0,0.0,0.0,0.4,1.05,63,37,1.1
امعا و احشاء,جگر مرغ پخته,home,167,24.5,1.5,0.7,1.1,0.6,0.8999999999999999,2.0,1.8,1.0,1.8,1.0,0.3,1.2,,0.05,6.5,0.5,0.05,10.0,0.3,0.1,,10,400,20,70,250,80,9.0,5.0,3.0,0.3,40.0,10,4442.666666666667,13328,1.0,40,0.5,0.003,0.2,1.8,0.8,10.0,6.0,16.6,580,50,300,0.0,0.0,0.0,0.0,0.0,0.3,0.8,66,34,1.3
امعا و احشاء,جگر گاو پخته,home,191,29.0,1.5,0.7,1.1,0.6,0.8999999999999999,2.0,1.8,1.0,1.8,1.0,0.3,1.2,,0.05,5.3,0.5,0.05,10.0,0.3,0.1,,5,485,18,70,300,80,6.5,5.0,5.3,0.3,40.0,10,5632.666666666667,16898,1.0,40,0.5,0.003,0.19,2.76,1.0,17.5,6.0,70.7,253,50,300,0.0,0.0,0.0,0.0,0.0,0.3,0.8,62,38,1.5
امعا و احشاء,زبان گاو پخته,home,284,20.0,1.5,0.7,1.1,0.6,0.8999999999999999,2.0,1.8,1.0,1.8,1.0,0.3,1.2,,0.05,22.0,0.5,0.05,10.0,0.1,0.1,,8,160,15,70,180,80,2.5,0.4,3.0,0.3,40.0,10,0.0,0,0.2,8,0.5,0.003,0.05,0.25,0.2,3.5,1.5,2.0,5,5,150,0.0,0.0,0.0,0.0,0.0,0.3,0.8,56,44,1.0
امعا و احشاء,شیردان گاو پخته,home,150,22.0,0.1,0.1,0.2,0.1,0.13,0.3,0.3,0.2,0.35,0.15,0.05,0.2,,0.0,6.5,0.1,0.05,2.0,0.02,0.0,,20,180,18,60,150,100,2.0,0.02,2.5,0.01,3.0,20,16.666666666666668,50,0.5,20,0.1,0.001,0.05,0.2,0.15,2.0,0.4,1.5,10,3,15,0.0,0.0,0.0,0.0,0.0,0.03,0.15,70,30,1.2
امعا و احشاء,طحال گاو پخته,home,145,25.0,1.5,0.7,1.1,0.6,0.8999999999999999,2.0,1.8,1.0,1.8,1.0,0.3,1.2,,0.05,4.0,0.5,0.05,10.0,0.1,0.1,,10,280,20,80,300,80,15.0,0.4,3.0,0.3,40.0,10,0.0,0,0.2,8,0.5,0.003,0.1,0.3,0.2,5.0,1.5,5.0,20,5,150,0.0,0.0,0.0,0.0,0.0,0.3,0.8,68,32,1.5
امعا و احشاء,قلب مرغ پخته,home,185,26.0,1.5,0.7,1.1,0.6,0.8999999999999999,2.0,1.8,1.0,1.8,1.0,0.3,1.2,,0.05,8.0,0.5,0.05,10.0,0.1,0.1,,10,220,22,75,240,80,6.0,0.4,3.0,0.3,40.0,10,10.0,30,0.2,8,0.5,0.003,0.15,0.9,0.35,6.5,1.5,7.0,12,5,150,0.0,0.0,0.0,0.0,0.0,0.3,0.8,64,36,1.1
امعا و احشاء,قلب گاو پخته,home,165,28.0,1.5,0.7,1.1,0.6,0.8999999999999999,2.0,1.8,1.0,1.8,1.0,0.3,1.2,,0.05,5.0,0.5,0.05,10.0,0.1,0.1,,8,250,25,80,280,80,5.0,0.4,2.5,0.3,40.0,10,6.666666666666667,20,0.2,8,0.5,0.003,0.2,1.0,0.4,7.0,1.5,8.0,10,5,150,0.0,0.0,0.0,0.0,0.0,0.3,0.8,65,35,1.2
امعا و احشاء,کلیه گاو پخته,home,158,26.5,1.5,0.7,1.1,0.6,0.8999999999999999,2.0,1.8,1.0,1.8,1.0,0.3,1.2,,0.05,4.5,0.5,0.05,10.0,0.1,0.1,,15,300,20,90,220,80,6.0,0.4,2.8,0.3,40.0,10,166.66666666666666,500,0.2,8,0.5,0.003,0.3,2.5,0.5,8.0,1.5,25.0,50,5,150,0.0,0.0,0.0,0.0,0.0,0.3,0.8,67,33,1.4
ماهی و دریایی,خرچنگ پخته,home,97,19.4,1.5,0.7,1.2,0.7,1.0,2.0,2.3,1.0,1.9,1.1,0.25,1.2,,0.08,1.5,0.2,0.1,2.0,0.1,0.4,,91,234,49,395,259,100,0.7,0.1,3.8,0.03,40.0,15,10.0,30,2.0,80,1.0,0.001,0.04,0.04,0.15,2.7,1.0,6.7,44,5,90,0.0,0.0,0.0,0.0,0.0,0.3,0.9,77,23,1.8
ماهی و دریایی,ساردین کنسرو روغن آبکش,home,208,24.6,1.5,0.7,1.2,0.7,1.0,2.0,2.3,1.0,1.9,1.1,0.25,1.2,,0.15,11.5,0.2,0.1,2.0,0.1,1.5,,382,490,39,307,397,100,2.9,0.1,1.3,0.03,40.0,15,36.0,108,10.0,400,1.0,0.001,0.08,0.23,0.17,5.2,1.0,8.9,10,5,90,0.0,0.0,0.0,0.0,0.0,0.3,0.9,60,40,3.4
ماهی و دریایی,سالمون اقیانوس اطلس پخته,home,208,22.1,1.5,0.7,1.2,0.7,1.0,2.0,2.3,1.0,1.9,1.1,0.25,1.2,,0.08,12.4,0.2,0.1,2.0,0.1,1.5,,9,252,30,59,384,100,0.3,0.1,0.4,0.03,40.0,15,49.666666666666664,149,10.0,400,1.0,0.001,0.23,0.16,0.65,8.0,1.0,2.8,25,5,90,0.0,0.0,0.0,0.0,0.0,0.3,0.9,65,35,1.3
ماهی و دریایی,صدف پخته,home,80,12.0,1.5,0.7,1.2,0.7,1.0,2.0,2.3,1.0,1.9,1.1,0.25,1.2,,0.08,2.0,0.2,0.1,2.0,0.1,0.4,,50,150,30,200,200,100,5.0,0.1,15.0,0.03,40.0,30,16.666666666666668,50,2.0,80,1.0,0.001,0.05,0.1,0.05,1.5,1.0,10.0,10,5,90,0.0,0.0,0.0,0.0,0.0,0.3,0.9,82,18,2.0
ماهی و دریایی,ماهی تن کنسرو آبکش,home,116,25.5,1.5,0.7,1.2,0.7,1.0,2.0,2.3,1.0,1.9,1.1,0.25,1.2,,0.15,0.8,0.2,0.1,2.0,0.1,0.4,,10,220,30,40,250,100,1.0,0.1,0.6,0.03,40.0,15,16.666666666666668,50,2.0,80,1.0,0.001,0.04,0.1,0.4,10.0,1.0,2.5,5,5,90,0.0,0.0,0.0,0.0,0.0,0.3,0.9,72,28,1.4
ماهی و دریایی,ماهی تیلاپیا پخته,home,128,26.0,1.5,0.7,1.2,0.7,1.0,2.0,2.3,1.0,1.9,1.1,0.25,1.2,,0.08,2.7,0.2,0.1,2.0,0.1,0.4,,14,200,30,55,380,100,0.6,0.1,0.4,0.03,40.0,15,0.0,0,2.0,80,1.0,0.001,0.05,0.07,0.2,4.0,1.0,1.5,15,5,90,0.0,0.0,0.0,0.0,0.0,0.3,0.9,70,30,1.1
ماهی و دریایی,ماهی سالمون دودی,home,180,25.0,1.5,0.7,1.2,0.7,1.0,2.0,2.3,1.0,1.9,1.1,0.25,1.2,,0.08,8.0,0.2,0.1,2.0,0.1,1.5,,15,250,28,900,350,100,0.5,0.1,0.5,0.03,40.0,15,33.333333333333336,100,10.0,400,1.0,0.001,0.1,0.15,0.5,7.0,1.0,3.5,15,5,90,0.0,0.0,0.0,0.0,0.0,0.3,0.9,65,35,1.5
ماهی و دریایی,ماهی سفید کد پخته,home,82,17.8,1.5,0.7,1.2,0.7,1.0,2.0,2.3,1.0,1.9,1.1,0.25,1.2,,0.08,0.7,0.2,0.1,2.0,0.1,0.4,,14,203,32,78,413,100,0.4,0.1,0.5,0.03,40.0,15,13.333333333333334,40,2.0,80,1.0,0.001,0.08,0.07,0.25,2.1,1.0,0.9,8,5,90,0.0,0.0,0.0,0.0,0.0,0.3,0.9,81,19,1.2
ماهی و دریایی,ماهی شوریده پخته,home,110,22.0,1.5,0.7,1.2,0.7,1.0,2.0,2.3,1.0,1.9,1.1,0.25,1.2,,0.08,2.0,0.2,0.1,2.0,0.1,0.4,,20,200,28,60,350,100,0.5,0.1,0.5,0.03,40.0,15,13.333333333333334,40,2.0,80,1.0,0.001,0.06,0.08,0.25,3.0,1.0,1.2,8,5,90,0.0,0.0,0.0,0.0,0.0,0.3,0.9,75,25,1.2
ماهی و دریایی,ماهی شیر پخته,home,146,22.0,0.1,0.1,0.2,0.1,0.13,0.3,0.3,0.2,0.35,0.15,0.05,0.2,,0.0,6.0,0.1,0.05,2.0,0.02,0.0,,15,220,28,60,350,100,0.5,0.02,0.6,0.01,3.0,20,26.666666666666668,80,0.5,20,0.1,0.001,0.08,0.1,0.3,4.0,0.4,2.0,8,3,15,0.0,0.0,0.0,0.0,0.0,0.03,0.15,70,30,1.1
ماهی و دریایی,ماهی قزل آلا پخته,home,190,22.0,1.5,0.7,1.2,0.7,1.0,2.0,2.3,1.0,1.9,1.1,0.25,1.2,,0.08,10.5,0.2,0.1,2.0,0.1,0.4,,30,250,28,50,400,100,0.5,0.1,0.6,0.03,40.0,15,33.333333333333336,100,2.0,80,1.0,0.001,0.15,0.12,0.4,6.0,1.0,3.0,15,5,90,0.0,0.0,0.0,0.0,0.0,0.3,0.9,66,34,1.2
ماهی و دریایی,ماهی ماکرل پخته,home,262,24.0,1.5,0.7,1.2,0.7,1.0,2.0,2.3,1.0,1.9,1.1,0.25,1.2,,0.08,18.0,0.2,0.1,2.0,0.1,1.5,,12,240,35,80,350,100,1.5,0.1,0.8,0.03,40.0,15,66.66666666666667,200,10.0,400,1.0,0.001,0.15,0.3,0.4,8.0,1.0,10.0,10,5,90,0.0,0.0,0.0,0.0,0.0,0.3,0.9,56,44,1.3
ماهی و دریایی,ماهی هامور پخته,home,118,24.0,1.5,0.7,1.2,0.7,1.0,2.0,2.3,1.0,1.9,1.1,0.25,1.2,,0.08,1.5,0.2,0.1,2.0,0.1,0.4,,20,200,30,50,400,100,0.4,0.1,0.5,0.03,40.0,15,16.666666666666668,50,2.0,80,1.0,0.001,0.06,0.06,0.25,2.5,1.0,1.0,10,5,90,0.0,0.0,0.0,0.0,0.0,0.3,0.9,73,27,1.2
ماهی و دریایی,ماهی کفال پخته,home,150,23.0,1.5,0.7,1.2,0.7,1.0,2.0,2.3,1.0,1.9,1.1,0.25,1.2,,0.08,6.0,0.2,0.1,2.0,0.1,0.4,,40,220,30,70,380,100,0.8,0.1,0.7,0.03,40.0,15,26.666666666666668,80,2.0,80,1.0,0.001,0.1,0.12,0.3,5.0,1.0,2.5,12,5,90,0.0,0.0,0.0,0.0,0.0,0.3,0.9,69,31,1.2
ماهی و دریایی,ماهی کیلکا پخته,home,150,20.0,1.5,0.7,1.2,0.7,1.0,2.0,2.3,1.0,1.9,1.1,0.25,1.2,,0.08,7.0,0.2,0.1,2.0,0.1,0.4,,50,250,30,100,300,100,1.0,0.1,1.0,0.03,40.0,15,16.666666666666668,50,2.0,80,1.0,0.001,0.05,0.15,0.2,4.0,1.0,5.0,10,5,90,0.0,0.0,0.0,0.0,0.0,0.3,0.9,70,30,1.5
ماهی و دریایی,میگو پخته,home,99,24.0,1.5,0.7,1.2,0.7,1.0,2.0,2.3,1.0,1.9,1.1,0.25,1.2,,0.08,0.3,0.2,0.1,2.0,0.1,0.4,,70,250,40,150,200,100,0.5,0.1,1.5,0.03,40.0,30,0.0,0,2.0,80,1.0,0.001,0.02,0.03,0.1,2.0,1.0,1.5,5,5,90,0.0,0.0,0.0,0.0,0.0,0.3,0.9,74,26,1.7
تخم مرغ,تخم مرغ کامل پخته,home,155,12.6,0.8,0.3,0.7,0.4,0.7,1.1,0.9,0.7,1.2,0.6,0.2,0.8,,0.0,10.6,1.5,0.05,30.0,0.15,0.05,,50,172,10,124,126,150,1.2,0.1,1.1,0.03,30.0,25,180.0,540,2.0,80,1.0,0.0003,0.04,0.48,0.12,0.1,1.5,1.1,44,20,150,0.3,0.0,0.0,0.0,0.0,0.3,0.5,76,24,1.1
تخم مرغ,زرده تخم مرغ پخته,home,322,15.9,0.8,0.3,0.7,0.4,0.7,1.1,0.9,0.7,1.2,0.6,0.2,0.8,,0.0,26.5,1.5,0.05,30.0,0.15,0.05,,129,390,5,48,109,150,2.7,0.1,2.3,0.03,30.0,25,480.6666666666667,1442,2.0,80,1.0,0.0003,0.18,0.53,0.35,0.0,1.5,3.1,146,20,250,0.3,0.0,0.0,0.0,0.0,0.3,0.5,52,48,1.7
تخم مرغ,سفیده تخم مرغ پخته,home,52,10.9,0.8,0.3,0.7,0.4,0.7,1.1,0.9,0.7,1.2,0.6,0.2,0.8,,0.0,0.2,0.0,0.05,0.0,0.0,0.05,,7,15,11,166,163,150,0.1,0.1,0.0,0.03,30.0,25,0.0,0,2.0,80,1.0,0.0003,0.0,0.44,0.0,0.1,1.5,0.1,4,20,150,0.3,0.0,0.0,0.0,0.0,0.3,0.5,88,12,0.6
لبنیات,شیر کامل,home,61,3.2,0.1,0.1,0.2,0.1,0.13,0.3,0.3,0.2,0.35,0.15,0.05,0.2,,0.0,3.3,0.1,0.05,2.0,0.02,0.0,,113,84,10,43,132,100,0.0,0.02,0.4,0.01,3.0,20,54.0,162,1.0,40,0.1,0.001,0.05,0.17,0.04,0.1,0.4,0.5,5,3,15,0.0,0.0,4.5,0.0,0.0,0.03,0.15,88,12,0.7
لبنیات,شیر کم چرب ۱ درصد,home,42,3.4,0.1,0.1,0.2,0.1,0.13,0.3,0.3,0.2,0.35,0.15,0.05,0.2,,0.0,1.0,0.1,0.05,2.0,0.02,0.0,,125,95,11,44,150,100,0.0,0.02,0.4,0.01,3.0,20,65.33333333333333,196,0.5,20,0.1,0.001,0.04,0.19,0.04,0.1,0.4,0.5,5,3,15,0.0,0.0,4.5,0.0,0.0,0.03,0.15,90,10,0.8
لبنیات,ماست ساده پرچرب,home,61,3.5,0.1,0.1,0.2,0.1,0.13,0.3,0.3,0.2,0.35,0.15,0.05,0.2,,0.0,3.3,0.1,0.05,2.0,0.02,0.0,,121,95,12,46,155,100,0.1,0.02,0.6,0.01,3.0,20,33.0,99,1.0,40,0.1,0.001,0.03,0.14,0.03,0.1,0.4,0.4,7,3,15,0.0,0.0,4.5,0.0,0.0,0.03,0.15,88,12,0.7
لبنیات,ماست ساده کم چرب,home,63,5.3,0.1,0.1,0.2,0.1,0.13,0.3,0.3,0.2,0.35,0.15,0.05,0.2,,0.0,1.6,0.1,0.05,2.0,0.02,0.0,,183,144,17,70,234,100,0.1,0.02,0.9,0.01,3.0,20,17.0,51,0.5,20,0.1,0.001,0.04,0.21,0.05,0.1,0.4,0.6,11,3,15,0.0,0.0,4.5,0.0,0.0,0.03,0.15,85,15,0.9
لبنیات,ماست یونانی پرچرب,home,97,9.0,0.1,0.1,0.2,0.1,0.13,0.3,0.3,0.2,0.35,0.15,0.05,0.2,,0.0,5.0,0.1,0.05,2.0,0.02,0.0,,100,120,11,36,140,100,0.1,0.02,0.5,0.01,3.0,20,16.666666666666668,50,1.0,40,0.1,0.001,0.03,0.2,0.05,0.2,0.4,0.5,10,3,15,0.0,0.0,4.5,0.0,0.0,0.03,0.15,81,19,0.8
لبنیات,پنیر ریکوتا کم چرب,home,138,11.4,0.1,0.1,0.2,0.1,0.13,0.3,0.3,0.2,0.35,0.15,0.05,0.2,,0.0,8.0,0.1,0.05,2.0,0.02,0.0,,200,150,12,80,100,100,0.2,0.02,0.8,0.01,3.0,20,100.0,300,0.5,20,0.1,0.001,0.02,0.2,0.05,0.2,0.4,0.4,15,3,15,0.0,0.0,1.0,0.0,0.0,0.03,0.15,75,25,1.0
لبنیات,پنیر کاتج کم چرب,home,72,12.4,0.1,0.1,0.2,0.1,0.13,0.3,0.3,0.2,0.35,0.15,0.05,0.2,,0.0,1.0,0.1,0.05,2.0,0.02,0.0,,61,134,6,315,86,100,0.1,0.02,0.4,0.01,3.0,20,12.333333333333334,37,0.5,20,0.1,0.001,0.02,0.16,0.06,0.1,0.4,0.5,12,3,15,0.0,0.0,1.0,0.0,0.0,0.03,0.15,81,19,1.4
غلات,ارزن پخته,home,119,3.5,0.2,0.1,0.15,0.08,0.16,0.3,0.15,0.2,0.30000000000000004,0.12,0.05,0.2,,0.0,1.0,0.5,0.05,10.0,0.0,0.0,,3,100,44,2,62,5,0.6,0.2,0.9,1.0,10.0,1,0.0,0,0.0,0,0.5,0.001,0.1,0.08,0.11,1.3,0.5,0.0,19,2,20,0.1,0.2,0.0,1.0,1.3,0.08,0.1,71,29,0.7
غلات,برنج باسماتی پخته,home,121,2.9,0.2,0.1,0.15,0.08,0.16,0.3,0.15,0.2,0.30000000000000004,0.12,0.05,0.2,,0.0,0.4,0.5,0.05,10.0,0.0,0.0,,8,40,10,1,30,5,0.2,0.2,0.4,1.0,10.0,1,0.0,0,0.0,0,0.5,0.001,0.02,0.01,0.04,0.4,0.5,0.0,3,2,20,0.1,0.2,0.0,1.0,0.5,0.08,0.1,70,30,0.3
غلات,برنج سفید پخته,home,130,2.7,0.2,0.1,0.15,0.08,0.16,0.3,0.15,0.2,0.30000000000000004,0.12,0.05,0.2,,0.0,0.3,0.5,0.05,10.0,0.0,0.0,,10,43,12,1,35,5,0.2,0.2,0.5,1.0,10.0,1,0.0,0,0.0,0,0.5,0.001,0.02,0.01,0.05,0.4,0.5,0.0,3,2,20,0.1,0.2,0.0,1.0,0.4,0.08,0.1,68,32,0.3
غلات,برنج قهوه‌ای پخته,home,123,2.7,0.2,0.1,0.15,0.08,0.16,0.3,0.15,0.2,0.30000000000000004,0.12,0.05,0.2,,0.0,1.0,0.5,0.05,10.0,0.0,0.0,,10,83,43,5,86,5,0.4,0.2,0.6,1.0,10.0,1,0.0,0,0.0,0,0.5,0.001,0.1,0.01,0.12,1.5,0.5,0.0,4,2,20,0.1,0.2,0.0,1.0,1.6,0.08,0.1,70,30,0.6
غلات,بلغور پخته,home,83,3.1,0.2,0.1,0.15,0.08,0.16,0.3,0.15,0.2,0.30000000000000004,0.12,0.05,0.2,,0.0,0.2,0.5,0.05,10.0,0.0,0.0,,10,40,32,5,68,5,1.0,0.2,0.6,1.0,10.0,1,0.0,0,0.0,0,0.5,0.001,0.05,0.03,0.08,1.0,0.5,0.0,18,2,20,0.1,0.2,0.0,1.0,4.5,0.08,0.1,78,22,0.6
غلات,جو دوسر پخته,home,71,2.5,0.2,0.1,0.15,0.08,0.16,0.3,0.15,0.2,0.30000000000000004,0.12,0.05,0.2,,0.0,1.5,0.5,0.05,10.0,0.0,0.0,,9,77,27,4,70,5,0.9,0.2,1.0,1.0,10.0,1,0.0,0,0.0,0,0.5,0.001,0.08,0.02,0.02,0.1,0.5,0.0,6,2,20,0.1,0.2,0.0,1.0,1.7,0.08,0.1,84,16,0.5
غلات,جو دوسر پرک خام,home,389,16.9,0.2,0.1,0.15,0.08,0.16,0.3,0.15,0.2,0.30000000000000004,0.12,0.05,0.2,,0.0,6.9,0.5,0.05,10.0,0.0,0.0,,54,523,177,2,429,5,4.7,0.2,4.0,1.0,10.0,1,0.0,0,0.0,0,0.5,0.001,0.76,0.14,0.12,1.0,0.5,0.0,56,2,20,0.1,0.2,0.0,1.0,10.6,0.08,0.1,8,92,1.7
غلات,جو پخته,home,123,2.3,0.2,0.1,0.15,0.08,0.16,0.3,0.15,0.2,0.30000000000000004,0.12,0.05,0.2,,0.0,0.4,0.5,0.05,10.0,0.0,0.0,,11,54,22,3,93,5,1.3,0.2,0.8,1.0,10.0,1,0.0,0,0.0,0,0.5,0.001,0.08,0.06,0.12,2.1,0.5,0.0,16,2,20,0.1,0.2,0.0,1.0,3.8,0.08,0.1,69,31,0.5
غلات,ذرت پخته,home,96,3.4,0.2,0.1,0.15,0.08,0.16,0.3,0.15,0.2,0.30000000000000004,0.12,0.05,0.2,,0.0,1.5,0.5,0.05,10.0,0.0,0.0,,2,89,26,1,218,5,0.5,0.2,0.5,1.0,10.0,1,3.3333333333333335,10,0.0,0,0.5,0.001,0.15,0.06,0.09,1.7,0.5,0.0,36,2,20,0.1,0.2,0.0,1.0,2.4,0.08,0.1,73,27,0.7
غلات,پاستا پخته,home,158,5.8,0.2,0.1,0.15,0.08,0.16,0.3,0.15,0.2,0.30000000000000004,0.12,0.05,0.2,,0.0,0.9,0.5,0.05,10.0,0.0,0.0,,7,58,18,1,44,5,0.5,0.2,0.5,1.0,10.0,1,0.0,0,0.0,0,0.5,0.001,0.02,0.02,0.05,0.4,0.5,0.0,7,2,20,0.1,0.2,0.0,1.0,1.8,0.08,0.1,62,38,0.3
غلات,کینوا پخته,home,120,4.4,0.2,0.1,0.15,0.08,0.16,0.3,0.15,0.2,0.30000000000000004,0.12,0.05,0.2,,0.0,1.9,0.5,0.05,10.0,0.0,0.0,,17,152,64,7,172,5,1.5,0.2,1.1,1.0,10.0,1,0.0,0,0.0,0,0.5,0.001,0.11,0.11,0.12,0.4,0.5,0.0,42,2,20,0.1,0.2,0.0,1.0,2.8,0.08,0.1,72,28,0.8
غلات,گندم سیاه پخته,home,92,3.4,0.2,0.1,0.15,0.08,0.16,0.3,0.15,0.2,0.30000000000000004,0.12,0.05,0.2,,0.0,0.6,0.5,0.05,10.0,0.0,0.0,,7,70,50,4,88,5,0.8,0.2,0.6,1.0,10.0,1,0.0,0,0.0,0,0.5,0.001,0.04,0.04,0.08,0.9,0.5,0.0,14,2,20,0.1,0.2,0.0,1.0,2.7,0.08,0.1,75,25,0.8
حبوبات,عدس پخته,home,116,9.0,0.6,0.25,0.4,0.1,0.2,0.7,0.6,0.5,0.8,0.35,0.1,0.45,,0.0,0.4,0.3,0.1,2.9999999999999996,0.0,0.0,,19,180,36,2,369,5,3.3,0.3,1.3,0.5,5.0,2,0.0,0,0.0,0,0.3,0.01,0.17,0.07,0.18,1.1,0.3,0.0,181,2,30,0.2,1.0,0.0,3.0,7.9,0.1,0.3,70,30,1.0
حبوبات,لوبیا سفید پخته,home,139,9.7,0.6,0.25,0.4,0.1,0.2,0.7,0.6,0.5,0.8,0.35,0.1,0.45,,0.0,0.5,0.3,0.1,2.9999999999999996,0.0,0.0,,90,150,50,2,350,5,3.0,0.3,1.0,0.5,5.0,2,0.0,0,0.0,0,0.3,0.01,0.15,0.06,0.12,0.5,0.3,0.0,100,2,30,0.2,1.0,0.0,3.0,6.3,0.1,0.3,63,37,1.3
حبوبات,لوبیا سیاه پخته,home,132,8.9,0.6,0.25,0.4,0.1,0.2,0.7,0.6,0.5,0.8,0.35,0.1,0.45,,0.0,0.5,0.3,0.1,2.9999999999999996,0.0,0.0,,27,140,70,1,355,5,2.1,0.3,1.1,0.5,5.0,2,0.0,0,0.0,0,0.3,0.01,0.24,0.06,0.12,0.5,0.3,0.0,149,2,30,0.2,1.0,0.0,3.0,8.7,0.1,0.3,66,34,1.2
حبوبات,لوبیا قرمز پخته,home,127,8.7,0.6,0.25,0.4,0.1,0.2,0.7,0.6,0.5,0.8,0.35,0.1,0.45,,0.0,0.5,0.3,0.1,2.9999999999999996,0.0,0.0,,28,142,45,2,403,5,2.9,0.3,1.0,0.5,5.0,2,0.0,0,0.0,0,0.3,0.01,0.16,0.06,0.12,0.6,0.3,0.0,130,2,30,0.2,1.0,0.0,3.0,6.4,0.1,0.3,67,33,1.2
حبوبات,لوبیا چشم بلبلی پخته,home,116,7.7,0.6,0.25,0.4,0.1,0.2,0.7,0.6,0.5,0.8,0.35,0.1,0.45,,0.0,0.5,0.3,0.1,2.9999999999999996,0.0,0.0,,24,156,53,4,278,5,2.5,0.3,1.3,0.5,5.0,2,0.0,0,0.0,0,0.3,0.01,0.2,0.05,0.1,0.5,0.3,0.0,127,2,30,0.2,1.0,0.0,3.0,6.5,0.1,0.3,70,30,1.0
حبوبات,لوبیا چیتی پخته,home,143,9.0,0.6,0.25,0.4,0.1,0.2,0.7,0.6,0.5,0.8,0.35,0.1,0.45,,0.0,0.7,0.3,0.1,2.9999999999999996,0.0,0.0,,50,150,50,2,400,5,2.5,0.3,1.0,0.5,5.0,2,0.0,0,0.0,0,0.3,0.01,0.2,0.06,0.15,0.5,0.3,0.0,100,2,30,0.2,1.0,0.0,3.0,9.0,0.1,0.3,65,35,1.2
حبوبات,ماش پخته,home,105,7.0,0.6,0.25,0.4,0.1,0.2,0.7,0.6,0.5,0.8,0.35,0.1,0.45,,0.0,0.4,0.3,0.1,2.9999999999999996,0.0,0.0,,27,100,48,2,266,5,1.4,0.3,0.8,0.5,5.0,2,0.0,0,0.0,0,0.3,0.01,0.15,0.06,0.1,0.6,0.3,0.0,159,2,30,0.2,1.0,0.0,3.0,7.6,0.1,0.3,73,27,0.9
حبوبات,نخود فرنگی خشک پخته,home,118,8.3,0.6,0.25,0.4,0.1,0.2,0.7,0.6,0.5,0.8,0.35,0.1,0.45,,0.0,0.4,0.3,0.1,2.9999999999999996,0.0,0.0,,25,120,40,3,280,5,1.5,0.3,1.0,0.5,5.0,2,0.0,0,0.0,0,0.3,0.01,0.2,0.08,0.15,1.0,0.3,0.0,50,2,30,0.2,1.0,0.0,3.0,8.3,0.1,0.3,69,31,1.0
حبوبات,نخود پخته,home,164,8.9,0.6,0.25,0.4,0.1,0.2,0.7,0.6,0.5,0.8,0.35,0.1,0.45,,0.0,2.6,0.3,0.1,2.9999999999999996,0.0,0.0,,49,168,48,7,291,5,2.9,0.3,1.5,0.5,5.0,2,9.0,27,0.0,0,0.3,0.01,0.12,0.06,0.14,0.5,0.3,0.0,172,2,30,0.2,1.0,0.0,3.0,7.6,0.1,0.3,60,40,1.0
سبزیجات,اسفناج پخته,home,23,3.0,0.05,0.02,0.04,0.01,0.02,0.06,0.05,0.04,0.06,0.04,0.01,0.05,,0.0,0.3,0.05,0.05,1.0,0.0,0.0,,136,56,87,70,466,30,3.6,0.05,0.8,0.2,1.0,2,3493.3333333333335,10480,0.0,0,0.5,0.05,0.09,0.24,0.24,0.5,0.3,0.0,146,1,10,1.5,1.0,0.0,1.5,2.4,0.01,0.02,91,9,1.7
سبزیجات,بادمجان پخته,home,35,0.8,0.05,0.02,0.04,0.01,0.02,0.06,0.05,0.04,0.06,0.04,0.01,0.05,,0.0,0.2,0.05,0.05,1.0,0.0,0.0,,6,15,11,1,123,30,0.2,0.05,0.1,0.2,1.0,2,6.666666666666667,20,0.0,0,0.5,0.01,0.03,0.02,0.07,0.5,0.3,0.0,14,1,10,1.5,1.0,0.0,1.5,2.5,0.01,0.02,90,10,0.6
سبزیجات,بروکلی پخته,home,35,2.4,0.05,0.02,0.04,0.01,0.02,0.06,0.05,0.04,0.06,0.04,0.01,0.05,,0.0,0.4,0.05,0.05,1.0,0.0,0.0,,40,67,21,41,293,30,0.7,0.05,0.4,0.2,1.0,2,516.6666666666666,1550,0.0,0,0.5,0.01,0.06,0.12,0.18,0.6,0.3,0.0,108,1,10,1.5,1.0,0.0,1.5,3.3,0.01,0.02,89,11,0.9
سبزیجات,جعفری,home,36,3.0,0.05,0.02,0.04,0.01,0.02,0.06,0.05,0.04,0.06,0.04,0.01,0.05,,0.0,0.8,0.05,0.05,1.0,0.0,0.0,,138,58,50,56,554,30,6.2,0.05,1.1,0.2,1.0,2,2808.0,8424,0.0,0,0.5,0.01,0.09,0.1,0.09,1.3,0.3,0.0,152,1,10,1.5,1.0,0.0,1.5,3.3,0.01,0.02,88,12,1.5
سبزیجات,خیار,home,15,0.7,0.05,0.02,0.04,0.01,0.02,0.06,0.05,0.04,0.06,0.04,0.01,0.05,,0.0,0.1,0.05,0.05,1.0,0.0,0.0,,16,24,13,2,147,30,0.3,0.05,0.2,0.2,1.0,2,35.0,105,0.0,0,0.5,0.01,0.03,0.03,0.04,0.1,0.3,0.0,7,1,10,1.5,1.0,0.0,1.5,0.5,0.01,0.02,95,5,0.4
سبزیجات,سیب زمینی سفید پخته,home,87,1.9,0.05,0.02,0.04,0.01,0.02,0.06,0.05,0.04,0.06,0.04,0.01,0.05,,0.0,0.1,0.05,0.05,1.0,0.0,0.0,,12,57,22,5,407,30,0.8,0.05,0.3,0.2,1.0,2,0.0,0,0.0,0,0.5,0.01,0.08,0.03,0.27,1.4,0.3,0.0,16,1,10,1.5,1.0,0.0,1.5,1.8,0.01,0.02,77,23,1.0
سبزیجات,سیب زمینی شیرین پخته,home,76,1.4,0.05,0.02,0.04,0.01,0.02,0.06,0.05,0.04,0.06,0.04,0.01,0.05,,0.0,0.1,0.05,0.05,1.0,0.0,0.0,,27,32,18,27,230,30,0.6,0.05,0.2,0.2,1.0,2,4729.0,14187,0.0,0,0.5,0.01,0.08,0.06,0.17,0.6,0.3,0.0,6,1,10,1.5,1.0,0.0,1.5,2.5,0.01,0.02,77,23,0.7
سبزیجات,سیر پخته,home,149,6.4,0.05,0.02,0.04,0.01,0.02,0.06,0.05,0.04,0.06,0.04,0.01,0.05,,0.0,0.5,0.05,0.05,1.0,0.0,0.0,,30,150,20,10,200,30,1.0,0.05,1.0,0.2,1.0,2,0.0,0,0.0,0,0.5,0.01,0.15,0.1,0.8,0.5,0.3,0.0,3,1,10,1.5,1.0,0.0,1.5,2.1,0.01,0.02,63,37,1.5
سبزیجات,شوید,home,43,3.5,0.05,0.02,0.04,0.01,0.02,0.06,0.05,0.04,0.06,0.04,0.01,0.05,,0.0,1.1,0.05,0.05,1.0,0.0,0.0,,208,66,55,61,738,30,6.6,0.05,0.9,0.2,1.0,2,2572.3333333333335,7717,0.0,0,0.5,0.01,0.1,0.3,0.19,1.6,0.3,0.0,150,1,10,1.5,1.0,0.0,1.5,2.1,0.01,0.02,86,14,2.0
سبزیجات,فلفل دلمه‌ای پخته,home,28,0.9,0.05,0.02,0.04,0.01,0.02,0.06,0.05,0.04,0.06,0.04,0.01,0.05,,0.0,0.2,0.05,0.05,1.0,0.0,0.0,,7,16,9,2,166,30,0.3,0.05,0.1,0.2,1.0,2,666.6666666666666,2000,0.0,0,0.5,0.01,0.04,0.03,0.15,0.6,0.3,0.0,15,1,10,1.5,1.0,0.0,1.5,1.5,0.01,0.02,92,8,0.4
سبزیجات,قارچ دکمه‌ای پخته,home,28,2.2,0.05,0.02,0.04,0.01,0.02,0.06,0.05,0.04,0.06,0.04,0.01,0.05,,0.0,0.3,0.05,0.05,1.0,0.0,0.0,,3,85,9,2,315,30,0.5,0.05,0.5,0.2,1.0,2,0.0,0,0.0,0,0.5,0.01,0.07,0.3,0.08,3.5,0.3,0.0,15,1,10,1.5,1.0,0.0,1.5,1.0,0.01,0.02,91,9,0.9
سبزیجات,لوبیا سبز پخته,home,35,1.9,0.05,0.02,0.04,0.01,0.02,0.06,0.05,0.04,0.06,0.04,0.01,0.05,,0.0,0.3,0.05,0.05,1.0,0.0,0.0,,44,29,18,1,146,30,0.7,0.05,0.2,0.2,1.0,2,230.0,690,0.0,0,0.5,0.01,0.07,0.1,0.06,0.6,0.3,0.0,33,1,10,1.5,1.0,0.0,1.5,3.4,0.01,0.02,89,11,0.7
سبزیجات,نخود فرنگی پخته,home,84,5.4,0.05,0.02,0.04,0.01,0.02,0.06,0.05,0.04,0.06,0.04,0.01,0.05,,0.0,0.2,0.05,0.05,1.0,0.0,0.0,,27,117,33,3,271,30,1.5,0.05,1.2,0.2,1.0,2,255.0,765,0.0,0,0.5,0.01,0.26,0.15,0.17,2.1,0.3,0.0,63,1,10,1.5,1.0,0.0,1.5,5.5,0.01,0.02,78,22,0.9
سبزیجات,هویج خام,home,41,0.9,0.05,0.02,0.04,0.01,0.02,0.06,0.05,0.04,0.06,0.04,0.01,0.05,,0.0,0.2,0.05,0.05,1.0,0.0,0.0,,33,35,12,69,320,30,0.3,0.05,0.2,0.2,1.0,2,5568.666666666667,16706,0.0,0,0.5,0.01,0.07,0.06,0.14,1.0,0.3,0.0,19,1,10,1.5,1.0,0.0,1.5,2.8,0.01,0.02,88,12,0.7
سبزیجات,هویج پخته,home,35,0.8,0.05,0.02,0.04,0.01,0.02,0.06,0.05,0.04,0.06,0.04,0.01,0.05,,0.0,0.2,0.05,0.05,1.0,0.0,0.0,,30,30,10,58,235,30,0.3,0.05,0.2,0.2,1.0,2,5666.666666666667,17000,0.0,0,0.5,0.01,0.04,0.04,0.14,0.6,0.3,0.0,14,1,10,1.5,1.0,0.0,1.5,3.0,0.01,0.02,89,11,0.7
سبزیجات,پیاز پخته,home,44,1.4,0.05,0.02,0.04,0.01,0.02,0.06,0.05,0.04,0.06,0.04,0.01,0.05,,0.0,0.2,0.05,0.05,1.0,0.0,0.0,,20,30,10,5,140,30,0.2,0.05,0.2,0.2,1.0,2,0.0,0,0.0,0,0.5,0.01,0.04,0.02,0.1,0.2,0.3,0.0,15,1,10,1.5,1.0,0.0,1.5,1.4,0.01,0.02,89,11,0.6
سبزیجات,چغندر پخته,home,44,1.7,0.05,0.02,0.04,0.01,0.02,0.06,0.05,0.04,0.06,0.04,0.01,0.05,,0.0,0.2,0.05,0.05,1.0,0.0,0.0,,16,38,22,65,305,30,0.8,0.05,0.3,0.2,1.0,2,10.0,30,0.0,0,0.5,0.01,0.03,0.04,0.07,0.3,0.3,0.0,80,1,10,1.5,1.0,0.0,1.5,2.0,0.01,0.02,87,13,0.8
سبزیجات,کاهو,home,15,1.4,0.05,0.02,0.04,0.01,0.02,0.06,0.05,0.04,0.06,0.04,0.01,0.05,,0.0,0.2,0.05,0.05,1.0,0.0,0.0,,36,29,13,28,194,30,0.9,0.05,0.2,0.2,1.0,2,2468.3333333333335,7405,0.0,0,0.5,0.05,0.07,0.08,0.09,0.4,0.3,0.0,38,1,10,1.5,1.0,0.0,1.5,1.3,0.01,0.02,95,5,0.6
سبزیجات,کاهو رومی,home,17,1.2,0.05,0.02,0.04,0.01,0.02,0.06,0.05,0.04,0.06,0.04,0.01,0.05,,0.0,0.3,0.05,0.05,1.0,0.0,0.0,,33,30,14,8,247,30,1.0,0.05,0.2,0.2,1.0,2,1933.3333333333333,5800,0.0,0,0.5,0.05,0.07,0.08,0.07,0.4,0.3,0.0,136,1,10,1.5,1.0,0.0,1.5,2.1,0.01,0.02,95,5,0.6
سبزیجات,کدو تنبل پخته,home,20,0.7,0.05,0.02,0.04,0.01,0.02,0.06,0.05,0.04,0.06,0.04,0.01,0.05,,0.0,0.1,0.05,0.05,1.0,0.0,0.0,,15,22,9,1,230,30,0.4,0.05,0.2,0.2,1.0,2,1996.6666666666667,5990,0.0,0,0.5,0.01,0.03,0.06,0.06,0.4,0.3,0.0,9,1,10,1.5,1.0,0.0,1.5,0.5,0.01,0.02,94,6,0.6
سبزیجات,کدو سبز پخته,home,15,1.1,0.05,0.02,0.04,0.01,0.02,0.06,0.05,0.04,0.06,0.04,0.01,0.05,,0.0,0.2,0.05,0.05,1.0,0.0,0.0,,18,37,19,3,264,30,0.4,0.05,0.3,0.2,1.0,2,66.66666666666667,200,0.0,0,0.5,0.01,0.04,0.03,0.08,0.5,0.3,0.0,24,1,10,1.5,1.0,0.0,1.5,1.1,0.01,0.02,95,5,0.6
سبزیجات,کرفس پخته,home,18,0.7,0.05,0.02,0.04,0.01,0.02,0.06,0.05,0.04,0.06,0.04,0.01,0.05,,0.0,0.2,0.05,0.05,1.0,0.0,0.0,,40,20,10,50,260,30,0.2,0.05,0.1,0.2,1.0,2,66.66666666666667,200,0.0,0,0.5,0.01,0.02,0.03,0.07,0.3,0.3,0.0,20,1,10,1.5,1.0,0.0,1.5,1.6,0.01,0.02,94,6,0.6
سبزیجات,کلم بروکسل پخته,home,36,2.6,0.05,0.02,0.04,0.01,0.02,0.06,0.05,0.04,0.06,0.04,0.01,0.05,,0.0,0.5,0.05,0.05,1.0,0.0,0.0,,36,56,20,21,317,30,1.2,0.05,0.3,0.2,1.0,2,258.3333333333333,775,0.0,0,0.5,0.05,0.11,0.08,0.18,0.6,0.3,0.0,60,1,10,1.5,1.0,0.0,1.5,2.6,0.01,0.02,89,11,0.9
سبزیجات,کلم بروکلی خام,home,34,2.8,0.05,0.02,0.04,0.01,0.02,0.06,0.05,0.04,0.06,0.04,0.01,0.05,,0.0,0.4,0.05,0.05,1.0,0.0,0.0,,47,66,21,33,316,30,0.7,0.05,0.4,0.2,1.0,2,207.66666666666666,623,0.0,0,0.5,0.05,0.07,0.12,0.18,0.6,0.3,0.0,63,1,10,1.5,1.0,0.0,1.5,2.6,0.01,0.02,89,11,0.9
سبزیجات,کلم پیچ پخته,home,28,1.9,0.05,0.02,0.04,0.01,0.02,0.06,0.05,0.04,0.06,0.04,0.01,0.05,,0.0,0.4,0.05,0.05,1.0,0.0,0.0,,72,28,18,15,180,30,0.5,0.05,0.2,0.2,1.0,2,2270.0,6810,0.0,0,0.5,0.05,0.05,0.06,0.14,0.4,0.3,0.0,13,1,10,1.5,1.0,0.0,1.5,2.0,0.01,0.02,91,9,0.8
سبزیجات,گل کلم پخته,home,23,1.8,0.05,0.02,0.04,0.01,0.02,0.06,0.05,0.04,0.06,0.04,0.01,0.05,,0.0,0.5,0.05,0.05,1.0,0.0,0.0,,16,32,9,15,142,30,0.3,0.05,0.2,0.2,1.0,2,0.0,0,0.0,0,0.5,0.05,0.04,0.05,0.12,0.4,0.3,0.0,44,1,10,1.5,1.0,0.0,1.5,2.0,0.01,0.02,93,7,0.7
سبزیجات,گوجه فرنگی,home,18,0.9,0.05,0.02,0.04,0.01,0.02,0.06,0.05,0.04,0.06,0.04,0.01,0.05,,0.0,0.2,0.05,0.05,1.0,0.0,0.0,,10,24,11,5,237,30,0.3,0.05,0.2,0.2,1.0,2,277.6666666666667,833,0.0,0,0.5,0.01,0.04,0.02,0.08,0.6,0.3,0.0,15,1,10,1.5,1.0,0.0,1.5,1.2,0.01,0.02,95,5,0.5
میوه,انار,home,83,1.7,0.02,0.01,0.02,0.005,0.01,0.03,0.02,0.02,0.03,0.02,0.005,0.02,,0.0,1.2,0.05,0.02,2.5,0.0,0.0,,10,36,12,3,236,5,0.3,0.05,0.4,0.1,0.5,1,0.0,0,0.0,0,0.3,0.005,0.07,0.05,0.08,0.3,0.2,0.0,38,1,5,3.0,5.0,0.0,1.0,4.0,0.005,0.01,78,22,0.6
میوه,انبه,home,60,0.8,0.02,0.01,0.02,0.005,0.01,0.03,0.02,0.02,0.03,0.02,0.005,0.02,,0.0,0.4,0.05,0.02,2.5,0.0,0.0,,11,14,10,1,168,5,0.2,0.05,0.1,0.1,0.5,1,360.6666666666667,1082,0.0,0,0.3,0.005,0.03,0.04,0.12,0.7,0.2,0.0,43,1,5,3.0,5.0,0.0,1.0,1.6,0.005,0.01,83,17,0.4
میوه,انگور,home,69,0.7,0.02,0.01,0.02,0.005,0.01,0.03,0.02,0.02,0.03,0.02,0.005,0.02,,0.0,0.2,0.05,0.02,2.5,0.0,0.0,,10,20,7,2,191,5,0.4,0.05,0.1,0.1,0.5,1,22.0,66,0.0,0,0.3,0.005,0.07,0.07,0.09,0.2,0.2,0.0,2,1,5,3.0,5.0,0.0,1.0,0.9,0.005,0.01,81,19,0.4
میوه,بلوبری,home,57,0.7,0.02,0.01,0.02,0.005,0.01,0.03,0.02,0.02,0.03,0.02,0.005,0.02,,0.0,0.3,0.05,0.02,2.5,0.0,0.0,,6,12,6,1,77,5,0.3,0.05,0.2,0.1,0.5,1,18.0,54,0.0,0,0.3,0.005,0.04,0.04,0.05,0.4,0.2,0.0,6,1,5,3.0,5.0,0.0,1.0,2.4,0.005,0.01,84,16,0.2
میوه,توت سیاه,home,43,1.4,0.02,0.01,0.02,0.005,0.01,0.03,0.02,0.02,0.03,0.02,0.005,0.02,,0.0,0.5,0.05,0.02,2.5,0.0,0.0,,29,22,20,1,162,5,0.6,0.05,0.5,0.1,0.5,1,71.33333333333333,214,0.0,0,0.3,0.005,0.02,0.03,0.03,0.6,0.2,0.0,25,1,5,3.0,5.0,0.0,1.0,5.3,0.005,0.01,88,12,0.4
میوه,توت فرنگی,home,32,0.7,0.02,0.01,0.02,0.005,0.01,0.03,0.02,0.02,0.03,0.02,0.005,0.02,,0.0,0.3,0.05,0.02,2.5,0.0,0.0,,16,24,13,1,153,5,0.4,0.05,0.1,0.1,0.5,1,4.0,12,0.0,0,0.3,0.005,0.02,0.02,0.05,0.4,0.2,0.0,24,1,5,3.0,5.0,0.0,1.0,2.0,0.005,0.01,91,9,0.4
میوه,زردآلو,home,48,1.4,0.02,0.01,0.02,0.005,0.01,0.03,0.02,0.02,0.03,0.02,0.005,0.02,,0.0,0.4,0.05,0.02,2.5,0.0,0.0,,13,23,10,1,259,5,0.4,0.05,0.2,0.1,0.5,1,642.0,1926,0.0,0,0.3,0.005,0.03,0.04,0.05,0.6,0.2,0.0,9,1,5,3.0,5.0,0.0,1.0,2.0,0.005,0.01,86,14,0.8
میوه,سیب بدون پوست,home,48,0.3,0.02,0.01,0.02,0.005,0.01,0.03,0.02,0.02,0.03,0.02,0.005,0.02,,0.0,0.1,0.05,0.02,2.5,0.0,0.0,,5,11,4,0,90,5,0.1,0.05,0.0,0.1,0.5,1,12.666666666666666,38,0.0,0,0.3,0.005,0.02,0.03,0.04,0.1,0.2,0.0,0,1,5,3.0,5.0,0.0,1.0,1.3,0.005,0.01,87,13,0.2
میوه,نارنگی,home,53,0.8,0.02,0.01,0.02,0.005,0.01,0.03,0.02,0.02,0.03,0.02,0.005,0.02,,0.0,0.3,0.05,0.02,2.5,0.0,0.0,,37,20,12,2,166,5,0.2,0.05,0.1,0.1,0.5,1,227.0,681,0.0,0,0.3,0.005,0.06,0.04,0.08,0.4,0.2,0.0,16,1,5,3.0,5.0,0.0,1.0,1.8,0.005,0.01,85,15,0.4
میوه,هندوانه,home,30,0.6,0.02,0.01,0.02,0.005,0.01,0.03,0.02,0.02,0.03,0.02,0.005,0.02,,0.0,0.2,0.05,0.02,2.5,0.0,0.0,,7,11,10,1,112,5,0.2,0.05,0.1,0.1,0.5,1,189.66666666666666,569,0.0,0,0.3,0.005,0.03,0.02,0.05,0.2,0.2,0.0,3,1,5,3.0,5.0,0.0,1.0,0.4,0.005,0.01,91,9,0.3
میوه,پرتقال,home,47,0.9,0.02,0.01,0.02,0.005,0.01,0.03,0.02,0.02,0.03,0.02,0.005,0.02,,0.0,0.1,0.05,0.02,2.5,0.0,0.0,,40,14,10,0,181,5,0.1,0.05,0.1,0.1,0.5,1,75.0,225,0.0,0,0.3,0.005,0.09,0.04,0.06,0.3,0.2,0.0,30,1,5,3.0,5.0,0.0,1.0,2.4,0.005,0.01,87,13,0.4
میوه,کیوی,home,61,1.1,0.02,0.01,0.02,0.005,0.01,0.03,0.02,0.02,0.03,0.02,0.005,0.02,,0.0,0.5,0.05,0.02,2.5,0.0,0.0,,34,34,17,3,312,5,0.3,0.05,0.1,0.1,0.5,1,29.0,87,0.0,0,0.3,0.005,0.03,0.03,0.06,0.3,0.2,0.0,25,1,5,3.0,5.0,0.0,1.0,3.0,0.005,0.01,83,17,0.6
میوه,گلابی,home,57,0.4,0.02,0.01,0.02,0.005,0.01,0.03,0.02,0.02,0.03,0.02,0.005,0.02,,0.0,0.1,0.05,0.02,2.5,0.0,0.0,,9,12,7,1,116,5,0.2,0.05,0.1,0.1,0.5,1,8.333333333333334,25,0.0,0,0.3,0.005,0.01,0.03,0.03,0.2,0.2,0.0,7,1,5,3.0,5.0,0.0,1.0,3.1,0.005,0.01,84,16,0.3
روغن و چربی,روغن آفتابگردان,home,884,0.0,2.0,0.5,0.8,0.3,0.6,1.5,0.8,1.0,1.6,0.6,0.2,1.0,,0.0,100.0,20.0,0.5,40.0,0.0,0.0,,0,0,0,0,0,10,0.0,1.0,0.0,2.5,5.0,2,0.0,0,0.0,0,15.0,0.01,0.0,0.0,0.0,0.0,0.5,0.0,0,5,50,0.5,2.0,0.0,5.0,0.0,0.3,0.6,0,100,0.0
روغن و چربی,روغن زیتون,home,884,0.0,0.0,0.0,0.0,0.0,0.0,0.0,0.0,0.0,0.0,0.0,0.0,0.0,,0.0,100.0,8.0,0.5,16.0,0.0,0.0,,1,0,0,2,1,0,0.6,0.0,0.0,0.0,0.0,0,0.0,0,0.0,0,14.0,0.06,0.0,0.0,0.0,0.0,0.0,0.0,0,0,0,0.0,0.0,0.0,0.0,0.0,0.0,0.0,0,100,0.0
روغن و چربی,روغن ماهی سالمون,home,902,0.0,0.0,0.0,0.0,0.0,0.0,0.0,0.0,0.0,0.0,0.0,0.0,0.0,,0.0,100.0,2.0,0.5,4.0,0.0,20.0,,0,0,0,0,0,0,0.0,0.0,0.0,0.0,0.0,0,0.0,0,0.0,0,2.0,0.01,0.0,0.0,0.0,0.0,0.0,0.0,0,0,0,0.0,0.0,0.0,0.0,0.0,0.0,0.0,0,100,0.0
روغن و چربی,روغن نارگیل,home,862,0.0,0.0,0.0,0.0,0.0,0.0,0.0,0.0,0.0,0.0,0.0,0.0,0.0,,0.0,100.0,2.0,0.5,4.0,0.0,0.0,,0,0,0,0,0,0,0.0,0.0,0.0,0.0,0.0,0,0.0,0,0.0,0,2.0,0.01,0.0,0.0,0.0,0.0,0.0,0.0,0,0,0,0.0,0.0,0.0,0.0,0.0,0.0,0.0,0,100,0.0
روغن و چربی,روغن کانولا,home,884,0.0,0.0,0.0,0.0,0.0,0.0,0.0,0.0,0.0,0.0,0.0,0.0,0.0,,0.0,100.0,10.0,9.0,1.1111111111111112,0.0,0.0,,0,0,0,0,0,0,0.0,0.0,0.0,0.0,0.0,0,0.0,0,0.0,0,2.0,0.01,0.0,0.0,0.0,0.0,0.0,0.0,0,0,0,0.0,0.0,0.0,0.0,0.0,0.0,0.0,0,100,0.0
روغن و چربی,چربی مرغ,home,900,0.0,0.0,0.0,0.0,0.0,0.0,0.0,0.0,0.0,0.0,0.0,0.0,0.0,,0.0,100.0,2.0,0.5,4.0,0.0,0.0,,0,0,0,0,0,0,0.0,0.0,0.0,0.0,0.0,0,0.0,0,0.0,0,2.0,0.01,0.0,0.0,0.0,0.0,0.0,0.0,0,0,0,0.0,0.0,0.0,0.0,0.0,0.0,0.0,0,100,0.0
دانه و مغز,بادام,home,579,21.2,2.0,0.5,0.8,0.3,0.6,1.5,0.8,1.0,1.6,0.6,0.2,1.0,,0.0,49.9,10.0,0.5,20.0,0.0,0.0,,269,481,270,1,733,10,3.7,1.0,3.1,2.5,5.0,2,0.6666666666666666,2,0.0,0,15.0,0.01,0.21,1.14,0.14,3.6,0.5,0.0,44,5,50,0.5,2.0,0.0,5.0,12.5,0.3,0.6,4,96,3.0
دانه و مغز,بادام زمینی,home,567,25.8,2.0,0.5,0.8,0.3,0.6,1.5,0.8,1.0,1.6,0.6,0.2,1.0,,0.0,49.2,10.0,0.5,20.0,0.0,0.0,,92,376,168,18,705,10,4.6,1.0,3.3,2.5,5.0,2,0.0,0,0.0,0,15.0,0.01,0.64,0.14,0.35,12.1,0.5,0.0,240,5,50,0.5,2.0,0.0,5.0,8.5,0.3,0.6,7,93,2.3
دانه و مغز,تخم آفتابگردان,home,584,20.8,2.0,0.5,0.8,0.3,0.6,1.5,0.8,1.0,1.6,0.6,0.2,1.0,,0.0,51.5,20.0,0.5,40.0,0.0,0.0,,78,660,325,9,645,10,5.3,1.0,5.0,2.5,5.0,2,16.666666666666668,50,0.0,0,15.0,0.01,1.48,0.36,1.35,8.3,0.5,0.0,227,5,50,0.5,2.0,0.0,5.0,8.6,0.3,0.6,5,95,3.0
دانه و مغز,تخم چیا,home,486,17.0,2.0,0.5,0.8,0.3,0.6,1.5,0.8,1.0,1.6,0.6,0.2,1.0,,0.0,31.0,10.0,20.0,0.5,0.0,0.0,,631,860,335,16,407,10,7.7,1.0,4.6,2.5,5.0,2,18.0,54,0.0,0,5.0,0.01,0.62,0.17,0.0,8.8,0.5,0.0,49,5,50,0.5,2.0,0.0,5.0,34.4,0.3,0.6,6,94,4.0
دانه و مغز,تخم کتان آسیاب شده,home,534,18.3,2.0,0.5,0.8,0.3,0.6,1.5,0.8,1.0,1.6,0.6,0.2,1.0,,0.0,42.2,10.0,20.0,0.5,0.0,0.0,,255,642,392,30,813,10,5.7,1.0,4.3,2.5,5.0,2,0.0,0,0.0,0,5.0,0.01,1.64,0.16,0.47,3.1,0.5,0.0,87,5,50,0.5,2.0,0.0,5.0,27.3,0.3,0.6,7,93,3.4
دانه و مغز,تخم کدو,home,559,30.0,2.0,0.5,0.8,0.3,0.6,1.5,0.8,1.0,1.6,0.6,0.2,1.0,,0.0,49.0,20.0,0.5,40.0,0.0,0.0,,46,1233,592,7,809,10,8.8,1.0,7.8,2.5,5.0,2,0.0,0,0.0,0,5.0,0.01,0.3,0.15,0.1,4.0,0.5,0.0,58,5,50,0.5,2.0,0.0,5.0,6.0,0.3,0.6,5,95,4.0
دانه و مغز,تخم کدو بو داده بدون نمک,home,574,30.0,2.0,0.5,0.8,0.3,0.6,1.5,0.8,1.0,1.6,0.6,0.2,1.0,,0.0,49.0,20.0,0.5,40.0,0.0,0.0,,46,1230,550,18,800,10,8.0,1.0,7.5,2.5,5.0,2,0.0,0,0.0,0,5.0,0.01,0.2,0.15,0.1,4.0,0.5,0.0,58,5,50,0.5,2.0,0.0,5.0,6.0,0.3,0.6,5,95,4.0
دانه و مغز,کنجد,home,573,17.0,2.0,0.5,0.8,0.3,0.6,1.5,0.8,1.0,1.6,0.6,0.2,1.0,,0.0,50.0,10.0,0.5,20.0,0.0,0.0,,975,629,351,11,468,10,14.6,1.0,7.8,2.5,5.0,2,3.0,9,0.0,0,5.0,0.01,0.79,0.25,0.79,4.5,0.5,0.0,97,5,50,0.5,2.0,0.0,5.0,11.8,0.3,0.6,5,95,4.5
دانه و مغز,گردو,home,654,15.2,2.0,0.5,0.8,0.3,0.6,1.5,0.8,1.0,1.6,0.6,0.2,1.0,,0.0,65.2,10.0,20.0,0.5,0.0,0.0,,98,346,158,2,441,10,2.9,1.0,3.1,2.5,5.0,2,6.666666666666667,20,0.0,0,5.0,0.01,0.34,0.15,0.54,1.1,0.5,0.0,98,5,50,0.5,2.0,0.0,5.0,6.7,0.3,0.6,4,96,1.8
